<mxGraphModel dx="1103" dy="695" grid="1" gridSize="10" guides="1" tooltips="1" connect="1" arrows="1" fold="1" page="1" pageScale="1" pageWidth="850" pageHeight="1100" math="0" shadow="0" extFonts="Permanent Marker^https://fonts.googleapis.com/css?family=Permanent+Marker">
  <root>
    <mxCell id="0" />
    <mxCell id="1" parent="0" />
    <mxCell id="2" value="教师" style="rounded=0;whiteSpace=wrap;html=1;fillColor=#e1d5e7;strokeColor=#9673a6;" vertex="1" parent="1">
      <mxGeometry x="20" y="180" width="80" height="40" as="geometry" />
    </mxCell>
    <mxCell id="3" value="学生" style="rounded=0;whiteSpace=wrap;html=1;fillColor=#e1d5e7;strokeColor=#9673a6;" vertex="1" parent="1">
      <mxGeometry x="710" y="320" width="80" height="40" as="geometry" />
    </mxCell>
    <mxCell id="4" value="管理员" style="rounded=0;whiteSpace=wrap;html=1;fillColor=#e1d5e7;strokeColor=#9673a6;" vertex="1" parent="1">
      <mxGeometry x="440" y="20" width="80" height="40" as="geometry" />
    </mxCell>
    <mxCell id="5" value="1.0" style="swimlane;html=1;fontStyle=0;childLayout=stackLayout;horizontal=1;startSize=26;fillColor=#e0e0e0;horizontalStack=0;resizeParent=1;resizeLast=0;collapsible=1;marginBottom=0;swimlaneFillColor=#ffffff;align=center;rounded=1;shadow=0;comic=0;labelBackgroundColor=none;strokeWidth=1;fontFamily=Verdana;fontSize=12" vertex="1" parent="1">
      <mxGeometry x="160" y="135" width="120" height="80" as="geometry" />
    </mxCell>
    <mxCell id="5b" value="教学班申请" style="text;html=1;align=center;verticalAlign=middle;whiteSpace=wrap;rounded=0;" vertex="1" parent="5">
      <mxGeometry y="26" width="120" height="54" as="geometry" />
    </mxCell>
    <mxCell id="6" value="2.0" style="swimlane;html=1;fontStyle=0;childLayout=stackLayout;horizontal=1;startSize=26;fillColor=#e0e0e0;horizontalStack=0;resizeParent=1;resizeLast=0;collapsible=1;marginBottom=0;swimlaneFillColor=#ffffff;align=center;rounded=1;shadow=0;comic=0;labelBackgroundColor=none;strokeWidth=1;fontFamily=Verdana;fontSize=12" vertex="1" parent="1">
      <mxGeometry x="420" y="135" width="120" height="80" as="geometry" />
    </mxCell>
    <mxCell id="6b" value="课程安排" style="text;html=1;align=center;verticalAlign=middle;whiteSpace=wrap;rounded=0;" vertex="1" parent="6">
      <mxGeometry y="26" width="120" height="54" as="geometry" />
    </mxCell>
    <mxCell id="7" value="3.0" style="swimlane;html=1;fontStyle=0;childLayout=stackLayout;horizontal=1;startSize=26;fillColor=#e0e0e0;horizontalStack=0;resizeParent=1;resizeLast=0;collapsible=1;marginBottom=0;swimlaneFillColor=#ffffff;align=center;rounded=1;shadow=0;comic=0;labelBackgroundColor=none;strokeWidth=1;fontFamily=Verdana;fontSize=12" vertex="1" parent="1">
      <mxGeometry x="640" y="135" width="120" height="80" as="geometry" />
    </mxCell>
    <mxCell id="7b" value="学生选课" style="text;html=1;align=center;verticalAlign=middle;whiteSpace=wrap;rounded=0;" vertex="1" parent="7">
      <mxGeometry y="26" width="120" height="54" as="geometry" />
    </mxCell>
    <mxCell id="8" value="教学班数据" style="shape=partialRectangle;whiteSpace=wrap;html=1;left=0;right=0;fillColor=#fff2cc;strokeColor=#d6b656;" vertex="1" parent="1">
      <mxGeometry x="160" y="320" width="120" height="30" as="geometry" />
    </mxCell>
    <mxCell id="9" value="课程安排数据" style="shape=partialRectangle;whiteSpace=wrap;html=1;left=0;right=0;fillColor=#fff2cc;strokeColor=#d6b656;" vertex="1" parent="1">
      <mxGeometry x="420" y="320" width="120" height="30" as="geometry" />
    </mxCell>
    <mxCell id="10" value="选课数据" style="shape=partialRectangle;whiteSpace=wrap;html=1;left=0;right=0;fillColor=#fff2cc;strokeColor=#d6b656;" vertex="1" parent="1">
      <mxGeometry x="510" y="450" width="120" height="30" as="geometry" />
    </mxCell>
    <mxCell id="12" value="" style="endArrow=classic;html=1;rounded=0;exitX=1;exitY=0.5;exitDx=0;exitDy=0;entryX=0;entryY=0.5;entryDx=0;entryDy=0;" edge="1" parent="1" source="2" target="5">
      <mxGeometry width="50" height="50" relative="1" as="geometry">
        <mxPoint x="350" y="250" as="sourcePoint" />
        <mxPoint x="400" y="200" as="targetPoint" />
      </mxGeometry>
    </mxCell>
    <mxCell id="12a" value="申请信息" style="text;html=1;align=center;verticalAlign=middle;resizable=0;points=[];autosize=1;strokeColor=none;fillColor=none;" vertex="1" parent="1">
      <mxGeometry x="100" y="190" width="60" height="30" as="geometry" />
    </mxCell>
    <mxCell id="14" value="" style="endArrow=classic;html=1;rounded=0;exitX=0.5;exitY=1;exitDx=0;exitDy=0;entryX=0.5;entryY=0;entryDx=0;entryDy=0;" edge="1" parent="1" source="4" target="6">
      <mxGeometry width="50" height="50" relative="1" as="geometry">
        <mxPoint x="350" y="250" as="sourcePoint" />
        <mxPoint x="400" y="200" as="targetPoint" />
      </mxGeometry>
    </mxCell>
    <mxCell id="14a" value="安排指令" style="text;html=1;align=center;verticalAlign=middle;resizable=0;points=[];autosize=1;strokeColor=none;fillColor=none;" vertex="1" parent="1">
      <mxGeometry x="420" y="80" width="60" height="30" as="geometry" />
    </mxCell>
    <mxCell id="16" value="" style="endArrow=classic;html=1;rounded=0;exitX=1;exitY=0.5;exitDx=0;exitDy=0;entryX=0;entryY=0.5;entryDx=0;entryDy=0;" edge="1" parent="1" source="5" target="6">
      <mxGeometry width="50" height="50" relative="1" as="geometry">
        <mxPoint x="350" y="250" as="sourcePoint" />
        <mxPoint x="400" y="200" as="targetPoint" />
      </mxGeometry>
    </mxCell>
    <mxCell id="16a" value="教学班信息" style="text;html=1;align=center;verticalAlign=middle;resizable=0;points=[];autosize=1;strokeColor=none;fillColor=none;" vertex="1" parent="1">
      <mxGeometry x="285" y="185" width="70" height="30" as="geometry" />
    </mxCell>
    <mxCell id="17a" value="课程表" style="text;html=1;align=center;verticalAlign=middle;resizable=0;points=[];autosize=1;strokeColor=none;fillColor=none;" vertex="1" parent="1">
      <mxGeometry x="470" y="250" width="50" height="30" as="geometry" />
    </mxCell>
    <mxCell id="18" value="" style="endArrow=classic;html=1;rounded=0;exitX=0.5;exitY=0;exitDx=0;exitDy=0;entryX=0.914;entryY=1;entryDx=0;entryDy=0;entryPerimeter=0;" edge="1" parent="1" source="3" target="7b">
      <mxGeometry width="50" height="50" relative="1" as="geometry">
        <mxPoint x="350" y="250" as="sourcePoint" />
        <mxPoint x="400" y="200" as="targetPoint" />
      </mxGeometry>
    </mxCell>
    <mxCell id="18a" value="选课请求" style="text;html=1;align=center;verticalAlign=middle;resizable=0;points=[];autosize=1;strokeColor=none;fillColor=none;" vertex="1" parent="1">
      <mxGeometry x="600" y="360" width="60" height="30" as="geometry" />
    </mxCell>
    <mxCell id="20" value="" style="endArrow=classic;html=1;rounded=0;exitX=0.5;exitY=1;exitDx=0;exitDy=0;entryX=0.5;entryY=0;entryDx=0;entryDy=0;" edge="1" parent="1" source="5" target="8">
      <mxGeometry width="50" height="50" relative="1" as="geometry">
        <mxPoint x="350" y="250" as="sourcePoint" />
        <mxPoint x="400" y="200" as="targetPoint" />
      </mxGeometry>
    </mxCell>
    <mxCell id="21" value="" style="endArrow=classic;html=1;rounded=0;exitX=0.5;exitY=1;exitDx=0;exitDy=0;entryX=0.5;entryY=0;entryDx=0;entryDy=0;" edge="1" parent="1" source="6" target="9">
      <mxGeometry width="50" height="50" relative="1" as="geometry">
        <mxPoint x="350" y="250" as="sourcePoint" />
        <mxPoint x="400" y="200" as="targetPoint" />
      </mxGeometry>
    </mxCell>
    <mxCell id="22" value="" style="endArrow=classic;html=1;rounded=0;exitX=0.5;exitY=1;exitDx=0;exitDy=0;entryX=0.5;entryY=0;entryDx=0;entryDy=0;" edge="1" parent="1" source="7" target="10">
      <mxGeometry width="50" height="50" relative="1" as="geometry">
        <mxPoint x="350" y="250" as="sourcePoint" />
        <mxPoint x="400" y="200" as="targetPoint" />
      </mxGeometry>
    </mxCell>
    <mxCell id="23" value="" style="endArrow=classic;html=1;rounded=0;exitX=1;exitY=0.5;exitDx=0;exitDy=0;entryX=0;entryY=0.75;entryDx=0;entryDy=0;" edge="1" parent="1" source="8" target="6">
      <mxGeometry width="50" height="50" relative="1" as="geometry">
        <mxPoint x="350" y="250" as="sourcePoint" />
        <mxPoint x="400" y="200" as="targetPoint" />
      </mxGeometry>
    </mxCell>
    <mxCell id="23a" value="教学班基础信息" style="text;html=1;align=center;verticalAlign=middle;resizable=0;points=[];autosize=1;strokeColor=none;fillColor=none;" vertex="1" parent="1">
      <mxGeometry x="285" y="300" width="90" height="30" as="geometry" />
    </mxCell>
    <mxCell id="24" value="" style="endArrow=classic;html=1;rounded=0;exitX=1;exitY=0.5;exitDx=0;exitDy=0;entryX=0;entryY=0.75;entryDx=0;entryDy=0;" edge="1" parent="1" source="9" target="7">
      <mxGeometry width="50" height="50" relative="1" as="geometry">
        <mxPoint x="350" y="250" as="sourcePoint" />
        <mxPoint x="400" y="200" as="targetPoint" />
      </mxGeometry>
    </mxCell>
    <mxCell id="24a" value="可选课程信息" style="text;html=1;align=center;verticalAlign=middle;resizable=0;points=[];autosize=1;strokeColor=none;fillColor=none;" vertex="1" parent="1">
      <mxGeometry x="550" y="290" width="80" height="30" as="geometry" />
    </mxCell>
    <mxCell id="25" value="" style="endArrow=classic;html=1;rounded=0;exitX=0;exitY=0.5;exitDx=0;exitDy=0;entryX=0.894;entryY=1.057;entryDx=0;entryDy=0;entryPerimeter=0;" edge="1" parent="1" source="10" target="2">
      <mxGeometry width="50" height="50" relative="1" as="geometry">
        <mxPoint x="350" y="250" as="sourcePoint" />
        <mxPoint x="400" y="200" as="targetPoint" />
        <Array as="points">
          <mxPoint x="90" y="460" />
        </Array>
      </mxGeometry>
    </mxCell>
    <mxCell id="25a" value="选课结果" style="text;html=1;align=center;verticalAlign=middle;resizable=0;points=[];autosize=1;strokeColor=none;fillColor=none;" vertex="1" parent="1">
      <mxGeometry x="280" y="430" width="60" height="30" as="geometry" />
    </mxCell>
    <mxCell id="26" value="" style="endArrow=classic;html=1;rounded=0;exitX=1;exitY=0.5;exitDx=0;exitDy=0;entryX=0.5;entryY=1;entryDx=0;entryDy=0;" edge="1" parent="1" source="10" target="3">
      <mxGeometry width="50" height="50" relative="1" as="geometry">
        <mxPoint x="350" y="250" as="sourcePoint" />
        <mxPoint x="400" y="200" as="targetPoint" />
      </mxGeometry>
    </mxCell>
    <mxCell id="26a" value="选课确认" style="text;html=1;align=center;verticalAlign=middle;resizable=0;points=[];autosize=1;strokeColor=none;fillColor=none;" vertex="1" parent="1">
      <mxGeometry x="650" y="410" width="60" height="30" as="geometry" />
    </mxCell>
  </root>
</mxGraphModel>
