-- 插入管理员用户
INSERT IGNORE INTO user (id, username, password, real_name, role, created_at, updated_at) VALUES
    (1, 'admin', '123456', '管理员', 'admin', NOW(), NOW()),
    (2, 'admin2', '123456', '副管理员', 'admin', NOW(), NOW());

-- 插入教师用户
INSERT IGNORE INTO user (id, username, password, real_name, role, created_at, updated_at) VALUES
    (3, 'teacher1', '123456', '张教授', 'teacher', NOW(), NOW()),
    (4, 'teacher2', '123456', '李副教授', 'teacher', NOW(), NOW()),
    (5, 'teacher3', '123456', '王讲师', 'teacher', NOW(), NOW()),
    (6, 'teacher4', '123456', '陈教授', 'teacher', NOW(), NOW()),
    (7, 'teacher5', '123456', '刘老师', 'teacher', NOW(), NOW()),
    (8, 'teacher6', '123456', '赵教授', 'teacher', NOW(), NOW());

-- 插入学生用户
INSERT IGNORE INTO user (id, username, password, real_name, role, created_at, updated_at) VALUES
    (9, 'student1', '123456', '王小明', 'student', NOW(), NOW()),
    (10, 'student2', '123456', '李小红', 'student', NOW(), NOW()),
    (11, 'student3', '123456', '张小刚', 'student', NOW(), NOW()),
    (12, 'student4', '123456', '陈小美', 'student', NOW(), NOW()),
    (13, 'student5', '123456', '刘小强', 'student', NOW(), NOW()),
    (14, 'student6', '123456', '赵小丽', 'student', NOW(), NOW()),
    (15, 'student7', '123456', '周小华', 'student', NOW(), NOW()),
    (16, 'student8', '123456', '吴小军', 'student', NOW(), NOW()),
    (17, 'student9', '123456', '郑小芳', 'student', NOW(), NOW()),
    (18, 'student10', '123456', '孙小亮', 'student', NOW(), NOW());

-- 插入课程
INSERT IGNORE INTO course (id, class_code, course_name, credit, hours, description, created_at) VALUES
    (1, 'CS101', 'Java程序设计', 3.0, 48, 'Java基础编程，面向对象思想', NOW()),
    (2, 'CS201', '数据结构与算法', 4.0, 64, '常用数据结构和算法设计与分析', NOW()),
    (3, 'CS301', '数据库系统原理', 3.5, 56, '关系数据库理论与SQL应用', NOW()),
    (4, 'CS401', '操作系统', 4.0, 64, '计算机操作系统原理与实践', NOW()),
    (5, 'CS501', '计算机网络', 3.0, 48, '网络协议与网络编程基础', NOW()),
    (6, 'MATH101', '高等数学(上)', 5.0, 80, '微积分基础理论', NOW()),
    (7, 'MATH201', '高等数学(下)', 5.0, 80, '微积分进阶与应用', NOW()),
    (8, 'MATH301', '线性代数', 3.0, 48, '矩阵论与向量空间', NOW()),
    (9, 'PHYS101', '大学物理(上)', 4.0, 64, '力学与热学基础', NOW()),
    (10, 'ENG101', '大学英语(一)', 2.0, 32, '英语听说读写基础', NOW()),
    (11, 'ENG201', '大学英语(二)', 2.0, 32, '英语综合应用能力', NOW()),
    (12, 'CS102', 'C语言程序设计', 3.0, 48, 'C语言基础与程序设计', NOW());

-- 插入教室
INSERT IGNORE INTO classroom (id, building, classroom_name, capacity) VALUES
    (1, 'A楼', '101', 60),
    (2, 'A楼', '102', 80),
    (3, 'A楼', '201', 60),
    (4, 'A楼', '202', 80),
    (5, 'A楼', '301', 50),
    (6, 'B楼', '101', 100),
    (7, 'B楼', '201', 120),
    (8, 'B楼', '202', 100),
    (9, 'B楼', '301', 80),
    (10, 'C楼', '101', 40),
    (11, 'C楼', '102', 40),
    (12, 'C楼', '201', 45),
    (13, 'D楼', '101', 150),
    (14, 'D楼', '201', 200),
    (15, '实验楼', '301', 30),
    (16, '实验楼', '302', 30);

-- 插入学生
INSERT IGNORE INTO student (id, user_id, grade, class_name) VALUES
    (1, 9, '2023级', '计算机科学与技术1班'),
    (2, 10, '2023级', '计算机科学与技术1班'),
    (3, 11, '2023级', '计算机科学与技术2班'),
    (4, 12, '2023级', '计算机科学与技术2班'),
    (5, 13, '2022级', '软件工程1班'),
    (6, 14, '2022级', '软件工程1班'),
    (7, 15, '2022级', '软件工程2班'),
    (8, 16, '2021级', '信息安全1班'),
    (9, 17, '2021级', '信息安全1班'),
    (10, 18, '2021级', '数据科学与大数据1班');

-- 插入教师
INSERT IGNORE INTO teacher (id, user_id, title, department) VALUES
    (1, 3, '教授', '计算机科学系'),
    (2, 4, '副教授', '计算机科学系'),
    (3, 5, '讲师', '计算机科学系'),
    (4, 6, '教授', '数学系'),
    (5, 7, '副教授', '物理系'),
    (6, 8, '教授', '外语系');

-- 插入教学班
INSERT IGNORE INTO teaching_class (id, class_code, max_students, current_students, course_id, teacher_id) VALUES
    (1, 'CS101-1', 30, 4, 1, 1),    -- Java程序设计第1班
    (2, 'CS101-2', 30, 3, 1, 2),    -- Java程序设计第2班
    (3, 'CS201-1', 25, 3, 2, 1),    -- 数据结构第1班
    (4, 'CS301-1', 35, 2, 3, 2),    -- 数据库系统第1班
    (5, 'CS401-1', 30, 2, 4, 1),    -- 操作系统第1班
    (6, 'CS501-1', 28, 1, 5, 3),    -- 计算机网络第1班
    (7, 'MATH101-1', 40, 4, 6, 4),  -- 高等数学(上)第1班
    (8, 'MATH101-2', 40, 3, 6, 4),  -- 高等数学(上)第2班
    (9, 'MATH201-1', 35, 2, 7, 4),  -- 高等数学(下)第1班
    (10, 'MATH301-1', 30, 2, 8, 4), -- 线性代数第1班
    (11, 'PHYS101-1', 35, 3, 9, 5), -- 大学物理第1班
    (12, 'ENG101-1', 40, 4, 10, 6), -- 大学英语(一)第1班
    (13, 'ENG101-2', 40, 2, 10, 6), -- 大学英语(一)第2班
    (14, 'ENG201-1', 35, 2, 11, 6), -- 大学英语(二)第1班
    (15, 'CS102-1', 30, 3, 12, 3);  -- C语言程序设计第1班

-- 插入课程安排
INSERT IGNORE INTO class_schedule (id, day_of_week, start_time, end_time, classroom_id, teaching_class_id) VALUES
-- Java程序设计第1班：周一周三 上午8:00-9:40
(1, 1, '08:00', '09:40', 1, 1),
(2, 3, '08:00', '09:40', 1, 1),

-- Java程序设计第2班：周二周四 上午8:00-9:40
(3, 2, '08:00', '09:40', 2, 2),
(4, 4, '08:00', '09:40', 2, 2),

-- 数据结构第1班：周一周五 上午10:00-11:40
(5, 1, '10:00', '11:40', 15, 3),
(6, 5, '10:00', '11:40', 15, 3),

-- 数据库系统第1班：周二周四 下午14:00-15:40
(7, 2, '14:00', '15:40', 3, 4),
(8, 4, '14:00', '15:40', 3, 4),

-- 操作系统第1班：周三周五 下午16:00-17:40
(9, 3, '16:00', '17:40', 4, 5),
(10, 5, '16:00', '17:40', 4, 5),

-- 计算机网络第1班：周一 下午14:00-17:40
(11, 1, '14:00', '17:40', 16, 6),

-- 高等数学(上)第1班：周一周三周五 上午8:00-9:40
(12, 1, '08:00', '09:40', 13, 7),
(13, 3, '08:00', '09:40', 13, 7),
(14, 5, '08:00', '09:40', 13, 7),

-- 高等数学(上)第2班：周二周四周六 上午8:00-9:40
(15, 2, '08:00', '09:40', 14, 8),
(16, 4, '08:00', '09:40', 14, 8),
(17, 6, '08:00', '09:40', 14, 8),

-- 高等数学(下)第1班：周一周三 上午10:00-11:40
(18, 1, '10:00', '11:40', 6, 9),
(19, 3, '10:00', '11:40', 6, 9),

-- 线性代数第1班：周二周四 上午10:00-11:40
(20, 2, '10:00', '11:40', 7, 10),
(21, 4, '10:00', '11:40', 7, 10),

-- 大学物理第1班：周一周三周五 下午14:00-15:40
(22, 1, '14:00', '15:40', 8, 11),
(23, 3, '14:00', '15:40', 8, 11),
(24, 5, '14:00', '15:40', 8, 11),

-- 大学英语(一)第1班：周二周四 上午10:00-11:40
(25, 2, '10:00', '11:40', 9, 12),
(26, 4, '10:00', '11:40', 9, 12),

-- 大学英语(一)第2班：周一周三 下午16:00-17:40
(27, 1, '16:00', '17:40', 10, 13),
(28, 3, '16:00', '17:40', 10, 13),

-- 大学英语(二)第1班：周二周四 下午16:00-17:40
(29, 2, '16:00', '17:40', 11, 14),
(30, 4, '16:00', '17:40', 11, 14),

-- C语言程序设计第1班：周三周五 上午10:00-11:40
(31, 3, '10:00', '11:40', 12, 15),
(32, 5, '10:00', '11:40', 12, 15);

-- 插入选课记录
INSERT IGNORE INTO course_selection (id, student_id, teaching_class_id, selection_time) VALUES
-- 2023级计算机1班学生选课
(1, 1, 1, NOW()),   -- 王小明选Java程序设计第1班
(2, 1, 7, NOW()),   -- 王小明选高等数学(上)第1班
(3, 1, 12, NOW()),  -- 王小明选大学英语(一)第1班
(4, 1, 11, NOW()),  -- 王小明选大学物理第1班

(5, 2, 1, NOW()),   -- 李小红选Java程序设计第1班
(6, 2, 7, NOW()),   -- 李小红选高等数学(上)第1班
(7, 2, 12, NOW()),  -- 李小红选大学英语(一)第1班
(8, 2, 11, NOW()),  -- 李小红选大学物理第1班

-- 2023级计算机2班学生选课
(9, 3, 2, NOW()),   -- 张小刚选Java程序设计第2班
(10, 3, 8, NOW()),  -- 张小刚选高等数学(上)第2班
(11, 3, 13, NOW()), -- 张小刚选大学英语(一)第2班

(12, 4, 2, NOW()),  -- 陈小美选Java程序设计第2班
(13, 4, 8, NOW()),  -- 陈小美选高等数学(上)第2班
(14, 4, 13, NOW()), -- 陈小美选大学英语(一)第2班

-- 2022级软件工程班学生选课（进阶课程）
(15, 5, 3, NOW()),  -- 刘小强选数据结构第1班
(16, 5, 4, NOW()),  -- 刘小强选数据库系统第1班
(17, 5, 9, NOW()),  -- 刘小强选高等数学(下)第1班

(18, 6, 3, NOW()),  -- 赵小丽选数据结构第1班
(19, 6, 4, NOW()),  -- 赵小丽选数据库系统第1班
(20, 6, 10, NOW()), -- 赵小丽选线性代数第1班

(21, 7, 3, NOW()),  -- 周小华选数据结构第1班
(22, 7, 10, NOW()), -- 周小华选线性代数第1班
(23, 7, 14, NOW()), -- 周小华选大学英语(二)第1班

-- 2021级学生选课（高级课程）
(24, 8, 5, NOW()),  -- 吴小军选操作系统第1班
(25, 8, 6, NOW()),  -- 吴小军选计算机网络第1班

(26, 9, 5, NOW()),  -- 郑小芳选操作系统第1班
(27, 9, 14, NOW()), -- 郑小芳选大学英语(二)第1班

(28, 10, 15, NOW()), -- 孙小亮选C语言程序设计第1班
(29, 10, 11, NOW()); -- 孙小亮选大学物理第1班