<mxGraphModel dx="1783" dy="971" grid="1" gridSize="10" guides="1" tooltips="1" connect="1" arrows="1" fold="1" page="1" pageScale="1" pageWidth="850" pageHeight="1100" background="none" math="0" shadow="0">
  <root>
    <mxCell id="0" />
    <mxCell id="1" parent="0" />
    <mxCell id="class-AuthController" value="AuthController" style="swimlane;html=1;fontStyle=0;childLayout=stackLayout;horizontal=1;startSize=26;fillColor=none;horizontalStack=0;resizeParent=1;resizeLast=0;collapsible=1;marginBottom=0;swimlaneFillColor=#ffffff;rounded=0;shadow=0;comic=0;labelBackgroundColor=none;strokeWidth=1;fontFamily=Verdana;fontSize=10;align=center;" vertex="1" parent="1">
      <mxGeometry x="50" y="50" width="310" height="184" as="geometry" />
    </mxCell>
    <mxCell id="class-AuthController-attr-authService" value="- authService: AuthService" style="text;html=1;strokeColor=none;fillColor=none;align=left;verticalAlign=top;spacingLeft=4;spacingRight=4;whiteSpace=wrap;overflow=hidden;rotatable=0;points=[[0,0.5],[1,0.5]];portConstraint=eastwest;" vertex="1" parent="class-AuthController">
      <mxGeometry y="26" width="310" height="26" as="geometry" />
    </mxCell>
    <mxCell id="class-AuthController-attr-teacherRepository" value="- teacherRepository: TeacherClassService" style="text;html=1;strokeColor=none;fillColor=none;align=left;verticalAlign=top;spacingLeft=4;spacingRight=4;whiteSpace=wrap;overflow=hidden;rotatable=0;points=[[0,0.5],[1,0.5]];portConstraint=eastwest;" vertex="1" parent="class-AuthController">
      <mxGeometry y="52" width="310" height="26" as="geometry" />
    </mxCell>
    <mxCell id="class-AuthController-attr-userService" value="- userService: UserService" style="text;html=1;strokeColor=none;fillColor=none;align=left;verticalAlign=top;spacingLeft=4;spacingRight=4;whiteSpace=wrap;overflow=hidden;rotatable=0;points=[[0,0.5],[1,0.5]];portConstraint=eastwest;" vertex="1" parent="class-AuthController">
      <mxGeometry y="78" width="310" height="26" as="geometry" />
    </mxCell>
    <mxCell id="class-AuthController-method-register" value="+ register(UserCreateDTO, HttpSession):&amp;nbsp;" style="text;html=1;strokeColor=none;fillColor=none;align=left;verticalAlign=top;spacingLeft=4;spacingRight=4;whiteSpace=wrap;overflow=hidden;rotatable=0;points=[[0,0.5],[1,0.5]];portConstraint=eastwest;" vertex="1" parent="class-AuthController">
      <mxGeometry y="104" width="310" height="26" as="geometry" />
    </mxCell>
    <mxCell id="class-AuthController-method-login" value="+ login(LoginDTO, HttpSession): AuthResponseDTO" style="text;html=1;strokeColor=none;fillColor=none;align=left;verticalAlign=top;spacingLeft=4;spacingRight=4;whiteSpace=wrap;overflow=hidden;rotatable=0;points=[[0,0.5],[1,0.5]];portConstraint=eastwest;" vertex="1" parent="class-AuthController">
      <mxGeometry y="130" width="310" height="26" as="geometry" />
    </mxCell>
    <mxCell id="class-AuthController-method-getCurrentUser" value="+ getCurrentUser(HttpSession): AuthResponseDTO" style="text;html=1;strokeColor=none;fillColor=none;align=left;verticalAlign=top;spacingLeft=4;spacingRight=4;whiteSpace=wrap;overflow=hidden;rotatable=0;points=[[0,0.5],[1,0.5]];portConstraint=eastwest;" vertex="1" parent="class-AuthController">
      <mxGeometry y="156" width="310" height="26" as="geometry" />
    </mxCell>
    <mxCell id="class-UserService" value="UserService" style="swimlane;html=1;fontStyle=0;childLayout=stackLayout;horizontal=1;startSize=26;fillColor=none;horizontalStack=0;resizeParent=1;resizeLast=0;collapsible=1;marginBottom=0;swimlaneFillColor=#ffffff;rounded=0;shadow=0;comic=0;labelBackgroundColor=none;strokeWidth=1;fontFamily=Verdana;fontSize=10;align=center;" vertex="1" parent="1">
      <mxGeometry x="410" y="270" width="310" height="314" as="geometry" />
    </mxCell>
    <mxCell id="class-UserService-attr-userRepository" value="- userRepository: UserRepository" style="text;html=1;strokeColor=none;fillColor=none;align=left;verticalAlign=top;spacingLeft=4;spacingRight=4;whiteSpace=wrap;overflow=hidden;rotatable=0;points=[[0,0.5],[1,0.5]];portConstraint=eastwest;" vertex="1" parent="class-UserService">
      <mxGeometry y="26" width="310" height="26" as="geometry" />
    </mxCell>
    <mxCell id="class-UserService-attr-studentRepository" value="- studentRepository: StudentRepository" style="text;html=1;strokeColor=none;fillColor=none;align=left;verticalAlign=top;spacingLeft=4;spacingRight=4;whiteSpace=wrap;overflow=hidden;rotatable=0;points=[[0,0.5],[1,0.5]];portConstraint=eastwest;" vertex="1" parent="class-UserService">
      <mxGeometry y="52" width="310" height="26" as="geometry" />
    </mxCell>
    <mxCell id="class-UserService-attr-teacherRepository" value="- teacherRepository: TeacherRepository" style="text;html=1;strokeColor=none;fillColor=none;align=left;verticalAlign=top;spacingLeft=4;spacingRight=4;whiteSpace=wrap;overflow=hidden;rotatable=0;points=[[0,0.5],[1,0.5]];portConstraint=eastwest;" vertex="1" parent="class-UserService">
      <mxGeometry y="78" width="310" height="26" as="geometry" />
    </mxCell>
    <mxCell id="class-UserService-attr-passwordEncoder" value="- passwordEncoder: PasswordEncoder" style="text;html=1;strokeColor=none;fillColor=none;align=left;verticalAlign=top;spacingLeft=4;spacingRight=4;whiteSpace=wrap;overflow=hidden;rotatable=0;points=[[0,0.5],[1,0.5]];portConstraint=eastwest;" vertex="1" parent="class-UserService">
      <mxGeometry y="104" width="310" height="26" as="geometry" />
    </mxCell>
    <mxCell id="class-UserService-method-createUser" value="+ createUser(UserCreateDTO): User" style="text;html=1;strokeColor=none;fillColor=none;align=left;verticalAlign=top;spacingLeft=4;spacingRight=4;whiteSpace=wrap;overflow=hidden;rotatable=0;points=[[0,0.5],[1,0.5]];portConstraint=eastwest;" vertex="1" parent="class-UserService">
      <mxGeometry y="130" width="310" height="26" as="geometry" />
    </mxCell>
    <mxCell id="class-UserService-method-updateUser" value="+ updateUser(Long, UserUpdateDTO): User" style="text;html=1;strokeColor=none;fillColor=none;align=left;verticalAlign=top;spacingLeft=4;spacingRight=4;whiteSpace=wrap;overflow=hidden;rotatable=0;points=[[0,0.5],[1,0.5]];portConstraint=eastwest;" vertex="1" parent="class-UserService">
      <mxGeometry y="156" width="310" height="26" as="geometry" />
    </mxCell>
    <mxCell id="class-UserService-method-deleteUser" value="+ deleteUser(Long): void" style="text;html=1;strokeColor=none;fillColor=none;align=left;verticalAlign=top;spacingLeft=4;spacingRight=4;whiteSpace=wrap;overflow=hidden;rotatable=0;points=[[0,0.5],[1,0.5]];portConstraint=eastwest;" vertex="1" parent="class-UserService">
      <mxGeometry y="182" width="310" height="26" as="geometry" />
    </mxCell>
    <mxCell id="class-UserService-method-getUserById" value="+ getUserById(Long): User" style="text;html=1;strokeColor=none;fillColor=none;align=left;verticalAlign=top;spacingLeft=4;spacingRight=4;whiteSpace=wrap;overflow=hidden;rotatable=0;points=[[0,0.5],[1,0.5]];portConstraint=eastwest;" vertex="1" parent="class-UserService">
      <mxGeometry y="208" width="310" height="26" as="geometry" />
    </mxCell>
    <mxCell id="class-UserService-method-validateRoleSpecificFields" value="- validateRoleSpecificFields(UserCreateDTO): void" style="text;html=1;strokeColor=none;fillColor=none;align=left;verticalAlign=top;spacingLeft=4;spacingRight=4;whiteSpace=wrap;overflow=hidden;rotatable=0;points=[[0,0.5],[1,0.5]];portConstraint=eastwest;" vertex="1" parent="class-UserService">
      <mxGeometry y="234" width="310" height="26" as="geometry" />
    </mxCell>
    <mxCell id="class-UserService-method-createStudent" value="- createStudent(User, UserCreateDTO): void" style="text;html=1;strokeColor=none;fillColor=none;align=left;verticalAlign=top;spacingLeft=4;spacingRight=4;whiteSpace=wrap;overflow=hidden;rotatable=0;points=[[0,0.5],[1,0.5]];portConstraint=eastwest;" vertex="1" parent="class-UserService">
      <mxGeometry y="260" width="310" height="26" as="geometry" />
    </mxCell>
    <mxCell id="class-UserService-method-createTeacher" value="- createTeacher(User, UserCreateDTO): void" style="text;html=1;strokeColor=none;fillColor=none;align=left;verticalAlign=top;spacingLeft=4;spacingRight=4;whiteSpace=wrap;overflow=hidden;rotatable=0;points=[[0,0.5],[1,0.5]];portConstraint=eastwest;" vertex="1" parent="class-UserService">
      <mxGeometry y="286" width="310" height="26" as="geometry" />
    </mxCell>
    <mxCell id="class-UserCreateDTO" value="UserCreateDTO" style="swimlane;html=1;fontStyle=0;childLayout=stackLayout;horizontal=1;startSize=26;fillColor=none;horizontalStack=0;resizeParent=1;resizeLast=0;collapsible=1;marginBottom=0;swimlaneFillColor=#ffffff;rounded=0;shadow=0;comic=0;labelBackgroundColor=none;strokeWidth=1;fontFamily=Verdana;fontSize=10;align=center;" vertex="1" parent="1">
      <mxGeometry x="850" y="320" width="200" height="548" as="geometry" />
    </mxCell>
    <mxCell id="class-UserCreateDTO-attr-username" value="- username: String" style="text;html=1;strokeColor=none;fillColor=none;align=left;verticalAlign=top;spacingLeft=4;spacingRight=4;whiteSpace=wrap;overflow=hidden;rotatable=0;points=[[0,0.5],[1,0.5]];portConstraint=eastwest;" vertex="1" parent="class-UserCreateDTO">
      <mxGeometry y="26" width="200" height="26" as="geometry" />
    </mxCell>
    <mxCell id="class-UserCreateDTO-attr-password" value="- password: String" style="text;html=1;strokeColor=none;fillColor=none;align=left;verticalAlign=top;spacingLeft=4;spacingRight=4;whiteSpace=wrap;overflow=hidden;rotatable=0;points=[[0,0.5],[1,0.5]];portConstraint=eastwest;" vertex="1" parent="class-UserCreateDTO">
      <mxGeometry y="52" width="200" height="26" as="geometry" />
    </mxCell>
    <mxCell id="class-UserCreateDTO-attr-realName" value="- realName: String" style="text;html=1;strokeColor=none;fillColor=none;align=left;verticalAlign=top;spacingLeft=4;spacingRight=4;whiteSpace=wrap;overflow=hidden;rotatable=0;points=[[0,0.5],[1,0.5]];portConstraint=eastwest;" vertex="1" parent="class-UserCreateDTO">
      <mxGeometry y="78" width="200" height="26" as="geometry" />
    </mxCell>
    <mxCell id="class-UserCreateDTO-attr-role" value="- role: Role" style="text;html=1;strokeColor=none;fillColor=none;align=left;verticalAlign=top;spacingLeft=4;spacingRight=4;whiteSpace=wrap;overflow=hidden;rotatable=0;points=[[0,0.5],[1,0.5]];portConstraint=eastwest;" vertex="1" parent="class-UserCreateDTO">
      <mxGeometry y="104" width="200" height="26" as="geometry" />
    </mxCell>
    <mxCell id="class-UserCreateDTO-attr-studentId" value="- studentId: Long" style="text;html=1;strokeColor=none;fillColor=none;align=left;verticalAlign=top;spacingLeft=4;spacingRight=4;whiteSpace=wrap;overflow=hidden;rotatable=0;points=[[0,0.5],[1,0.5]];portConstraint=eastwest;" vertex="1" parent="class-UserCreateDTO">
      <mxGeometry y="130" width="200" height="26" as="geometry" />
    </mxCell>
    <mxCell id="class-UserCreateDTO-attr-grade" value="- grade: String" style="text;html=1;strokeColor=none;fillColor=none;align=left;verticalAlign=top;spacingLeft=4;spacingRight=4;whiteSpace=wrap;overflow=hidden;rotatable=0;points=[[0,0.5],[1,0.5]];portConstraint=eastwest;" vertex="1" parent="class-UserCreateDTO">
      <mxGeometry y="156" width="200" height="26" as="geometry" />
    </mxCell>
    <mxCell id="class-UserCreateDTO-attr-className" value="- className: String" style="text;html=1;strokeColor=none;fillColor=none;align=left;verticalAlign=top;spacingLeft=4;spacingRight=4;whiteSpace=wrap;overflow=hidden;rotatable=0;points=[[0,0.5],[1,0.5]];portConstraint=eastwest;" vertex="1" parent="class-UserCreateDTO">
      <mxGeometry y="182" width="200" height="26" as="geometry" />
    </mxCell>
    <mxCell id="class-UserCreateDTO-attr-teacherId" value="- teacherId: Long" style="text;html=1;strokeColor=none;fillColor=none;align=left;verticalAlign=top;spacingLeft=4;spacingRight=4;whiteSpace=wrap;overflow=hidden;rotatable=0;points=[[0,0.5],[1,0.5]];portConstraint=eastwest;" vertex="1" parent="class-UserCreateDTO">
      <mxGeometry y="208" width="200" height="26" as="geometry" />
    </mxCell>
    <mxCell id="class-UserCreateDTO-attr-title" value="- title: String" style="text;html=1;strokeColor=none;fillColor=none;align=left;verticalAlign=top;spacingLeft=4;spacingRight=4;whiteSpace=wrap;overflow=hidden;rotatable=0;points=[[0,0.5],[1,0.5]];portConstraint=eastwest;" vertex="1" parent="class-UserCreateDTO">
      <mxGeometry y="234" width="200" height="26" as="geometry" />
    </mxCell>
    <mxCell id="class-UserCreateDTO-attr-department" value="- department: String" style="text;html=1;strokeColor=none;fillColor=none;align=left;verticalAlign=top;spacingLeft=4;spacingRight=4;whiteSpace=wrap;overflow=hidden;rotatable=0;points=[[0,0.5],[1,0.5]];portConstraint=eastwest;" vertex="1" parent="class-UserCreateDTO">
      <mxGeometry y="260" width="200" height="26" as="geometry" />
    </mxCell>
    <mxCell id="class-UserCreateDTO-method-getUsername" value="+ getUsername(): String" style="text;html=1;strokeColor=none;fillColor=none;align=left;verticalAlign=top;spacingLeft=4;spacingRight=4;whiteSpace=wrap;overflow=hidden;rotatable=0;points=[[0,0.5],[1,0.5]];portConstraint=eastwest;" vertex="1" parent="class-UserCreateDTO">
      <mxGeometry y="286" width="200" height="26" as="geometry" />
    </mxCell>
    <mxCell id="class-UserCreateDTO-method-getPassword" value="+ getPassword(): String" style="text;html=1;strokeColor=none;fillColor=none;align=left;verticalAlign=top;spacingLeft=4;spacingRight=4;whiteSpace=wrap;overflow=hidden;rotatable=0;points=[[0,0.5],[1,0.5]];portConstraint=eastwest;" vertex="1" parent="class-UserCreateDTO">
      <mxGeometry y="312" width="200" height="26" as="geometry" />
    </mxCell>
    <mxCell id="class-UserCreateDTO-method-getRealName" value="+ getRealName(): String" style="text;html=1;strokeColor=none;fillColor=none;align=left;verticalAlign=top;spacingLeft=4;spacingRight=4;whiteSpace=wrap;overflow=hidden;rotatable=0;points=[[0,0.5],[1,0.5]];portConstraint=eastwest;" vertex="1" parent="class-UserCreateDTO">
      <mxGeometry y="338" width="200" height="26" as="geometry" />
    </mxCell>
    <mxCell id="class-UserCreateDTO-method-getRole" value="+ getRole(): Role" style="text;html=1;strokeColor=none;fillColor=none;align=left;verticalAlign=top;spacingLeft=4;spacingRight=4;whiteSpace=wrap;overflow=hidden;rotatable=0;points=[[0,0.5],[1,0.5]];portConstraint=eastwest;" vertex="1" parent="class-UserCreateDTO">
      <mxGeometry y="364" width="200" height="26" as="geometry" />
    </mxCell>
    <mxCell id="class-UserCreateDTO-method-getStudentId" value="+ getStudentId(): Long" style="text;html=1;strokeColor=none;fillColor=none;align=left;verticalAlign=top;spacingLeft=4;spacingRight=4;whiteSpace=wrap;overflow=hidden;rotatable=0;points=[[0,0.5],[1,0.5]];portConstraint=eastwest;" vertex="1" parent="class-UserCreateDTO">
      <mxGeometry y="390" width="200" height="26" as="geometry" />
    </mxCell>
    <mxCell id="class-UserCreateDTO-method-getGrade" value="+ getGrade(): String" style="text;html=1;strokeColor=none;fillColor=none;align=left;verticalAlign=top;spacingLeft=4;spacingRight=4;whiteSpace=wrap;overflow=hidden;rotatable=0;points=[[0,0.5],[1,0.5]];portConstraint=eastwest;" vertex="1" parent="class-UserCreateDTO">
      <mxGeometry y="416" width="200" height="26" as="geometry" />
    </mxCell>
    <mxCell id="class-UserCreateDTO-method-getClassName" value="+ getClassName(): String" style="text;html=1;strokeColor=none;fillColor=none;align=left;verticalAlign=top;spacingLeft=4;spacingRight=4;whiteSpace=wrap;overflow=hidden;rotatable=0;points=[[0,0.5],[1,0.5]];portConstraint=eastwest;" vertex="1" parent="class-UserCreateDTO">
      <mxGeometry y="442" width="200" height="26" as="geometry" />
    </mxCell>
    <mxCell id="class-UserCreateDTO-method-getTeacherId" value="+ getTeacherId(): Long" style="text;html=1;strokeColor=none;fillColor=none;align=left;verticalAlign=top;spacingLeft=4;spacingRight=4;whiteSpace=wrap;overflow=hidden;rotatable=0;points=[[0,0.5],[1,0.5]];portConstraint=eastwest;" vertex="1" parent="class-UserCreateDTO">
      <mxGeometry y="468" width="200" height="26" as="geometry" />
    </mxCell>
    <mxCell id="class-UserCreateDTO-method-getTitle" value="+ getTitle(): String" style="text;html=1;strokeColor=none;fillColor=none;align=left;verticalAlign=top;spacingLeft=4;spacingRight=4;whiteSpace=wrap;overflow=hidden;rotatable=0;points=[[0,0.5],[1,0.5]];portConstraint=eastwest;" vertex="1" parent="class-UserCreateDTO">
      <mxGeometry y="494" width="200" height="26" as="geometry" />
    </mxCell>
    <mxCell id="class-UserCreateDTO-method-getDepartment" value="+ getDepartment(): String" style="text;html=1;strokeColor=none;fillColor=none;align=left;verticalAlign=top;spacingLeft=4;spacingRight=4;whiteSpace=wrap;overflow=hidden;rotatable=0;points=[[0,0.5],[1,0.5]];portConstraint=eastwest;" vertex="1" parent="class-UserCreateDTO">
      <mxGeometry y="520" width="200" height="26" as="geometry" />
    </mxCell>
    <mxCell id="class-AuthResponseDTO" value="AuthResponseDTO" style="swimlane;html=1;fontStyle=0;childLayout=stackLayout;horizontal=1;startSize=26;fillColor=none;horizontalStack=0;resizeParent=1;resizeLast=0;collapsible=1;marginBottom=0;swimlaneFillColor=#ffffff;rounded=0;shadow=0;comic=0;labelBackgroundColor=none;strokeWidth=1;fontFamily=Verdana;fontSize=10;align=center;" vertex="1" parent="1">
      <mxGeometry x="1020" y="37" width="200" height="210" as="geometry" />
    </mxCell>
    <mxCell id="class-AuthResponseDTO-attr-userId" value="- userId: Long" style="text;html=1;strokeColor=none;fillColor=none;align=left;verticalAlign=top;spacingLeft=4;spacingRight=4;whiteSpace=wrap;overflow=hidden;rotatable=0;points=[[0,0.5],[1,0.5]];portConstraint=eastwest;" vertex="1" parent="class-AuthResponseDTO">
      <mxGeometry y="26" width="200" height="26" as="geometry" />
    </mxCell>
    <mxCell id="class-AuthResponseDTO-attr-username" value="- username: String" style="text;html=1;strokeColor=none;fillColor=none;align=left;verticalAlign=top;spacingLeft=4;spacingRight=4;whiteSpace=wrap;overflow=hidden;rotatable=0;points=[[0,0.5],[1,0.5]];portConstraint=eastwest;" vertex="1" parent="class-AuthResponseDTO">
      <mxGeometry y="52" width="200" height="26" as="geometry" />
    </mxCell>
    <mxCell id="class-AuthResponseDTO-attr-real_name" value="- real_name: String" style="text;html=1;strokeColor=none;fillColor=none;align=left;verticalAlign=top;spacingLeft=4;spacingRight=4;whiteSpace=wrap;overflow=hidden;rotatable=0;points=[[0,0.5],[1,0.5]];portConstraint=eastwest;" vertex="1" parent="class-AuthResponseDTO">
      <mxGeometry y="78" width="200" height="26" as="geometry" />
    </mxCell>
    <mxCell id="class-AuthResponseDTO-attr-role" value="- role: Role" style="text;html=1;strokeColor=none;fillColor=none;align=left;verticalAlign=top;spacingLeft=4;spacingRight=4;whiteSpace=wrap;overflow=hidden;rotatable=0;points=[[0,0.5],[1,0.5]];portConstraint=eastwest;" vertex="1" parent="class-AuthResponseDTO">
      <mxGeometry y="104" width="200" height="26" as="geometry" />
    </mxCell>
    <mxCell id="class-AuthResponseDTO-attr-roleId" value="- roleId: Long" style="text;html=1;strokeColor=none;fillColor=none;align=left;verticalAlign=top;spacingLeft=4;spacingRight=4;whiteSpace=wrap;overflow=hidden;rotatable=0;points=[[0,0.5],[1,0.5]];portConstraint=eastwest;" vertex="1" parent="class-AuthResponseDTO">
      <mxGeometry y="130" width="200" height="26" as="geometry" />
    </mxCell>
    <mxCell id="class-AuthResponseDTO-attr-roleType" value="- roleType: String" style="text;html=1;strokeColor=none;fillColor=none;align=left;verticalAlign=top;spacingLeft=4;spacingRight=4;whiteSpace=wrap;overflow=hidden;rotatable=0;points=[[0,0.5],[1,0.5]];portConstraint=eastwest;" vertex="1" parent="class-AuthResponseDTO">
      <mxGeometry y="156" width="200" height="26" as="geometry" />
    </mxCell>
    <mxCell id="class-AuthResponseDTO-method-AuthResponseDTO" value="+ AuthResponseDTO(User)" style="text;html=1;strokeColor=none;fillColor=none;align=left;verticalAlign=top;spacingLeft=4;spacingRight=4;whiteSpace=wrap;overflow=hidden;rotatable=0;points=[[0,0.5],[1,0.5]];portConstraint=eastwest;" vertex="1" parent="class-AuthResponseDTO">
      <mxGeometry y="182" width="200" height="26" as="geometry" />
    </mxCell>
    <mxCell id="class-User" value="User" style="swimlane;html=1;fontStyle=0;childLayout=stackLayout;horizontal=1;startSize=26;fillColor=none;horizontalStack=0;resizeParent=1;resizeLast=0;collapsible=1;marginBottom=0;swimlaneFillColor=#ffffff;rounded=0;shadow=0;comic=0;labelBackgroundColor=none;strokeWidth=1;fontFamily=Verdana;fontSize=10;align=center;" vertex="1" parent="1">
      <mxGeometry x="1270" y="50" width="200" height="418" as="geometry" />
    </mxCell>
    <mxCell id="class-User-attr-id" value="- id: Long" style="text;html=1;strokeColor=none;fillColor=none;align=left;verticalAlign=top;spacingLeft=4;spacingRight=4;whiteSpace=wrap;overflow=hidden;rotatable=0;points=[[0,0.5],[1,0.5]];portConstraint=eastwest;" vertex="1" parent="class-User">
      <mxGeometry y="26" width="200" height="26" as="geometry" />
    </mxCell>
    <mxCell id="class-User-attr-username" value="- username: String" style="text;html=1;strokeColor=none;fillColor=none;align=left;verticalAlign=top;spacingLeft=4;spacingRight=4;whiteSpace=wrap;overflow=hidden;rotatable=0;points=[[0,0.5],[1,0.5]];portConstraint=eastwest;" vertex="1" parent="class-User">
      <mxGeometry y="52" width="200" height="26" as="geometry" />
    </mxCell>
    <mxCell id="class-User-attr-password" value="- password: String" style="text;html=1;strokeColor=none;fillColor=none;align=left;verticalAlign=top;spacingLeft=4;spacingRight=4;whiteSpace=wrap;overflow=hidden;rotatable=0;points=[[0,0.5],[1,0.5]];portConstraint=eastwest;" vertex="1" parent="class-User">
      <mxGeometry y="78" width="200" height="26" as="geometry" />
    </mxCell>
    <mxCell id="class-User-attr-realName" value="- realName: String" style="text;html=1;strokeColor=none;fillColor=none;align=left;verticalAlign=top;spacingLeft=4;spacingRight=4;whiteSpace=wrap;overflow=hidden;rotatable=0;points=[[0,0.5],[1,0.5]];portConstraint=eastwest;" vertex="1" parent="class-User">
      <mxGeometry y="104" width="200" height="26" as="geometry" />
    </mxCell>
    <mxCell id="class-User-attr-role" value="- role: Role" style="text;html=1;strokeColor=none;fillColor=none;align=left;verticalAlign=top;spacingLeft=4;spacingRight=4;whiteSpace=wrap;overflow=hidden;rotatable=0;points=[[0,0.5],[1,0.5]];portConstraint=eastwest;" vertex="1" parent="class-User">
      <mxGeometry y="130" width="200" height="26" as="geometry" />
    </mxCell>
    <mxCell id="class-User-attr-createdAt" value="- createdAt: LocalDateTime" style="text;html=1;strokeColor=none;fillColor=none;align=left;verticalAlign=top;spacingLeft=4;spacingRight=4;whiteSpace=wrap;overflow=hidden;rotatable=0;points=[[0,0.5],[1,0.5]];portConstraint=eastwest;" vertex="1" parent="class-User">
      <mxGeometry y="156" width="200" height="26" as="geometry" />
    </mxCell>
    <mxCell id="class-User-attr-updatedAt" value="- updatedAt: LocalDateTime" style="text;html=1;strokeColor=none;fillColor=none;align=left;verticalAlign=top;spacingLeft=4;spacingRight=4;whiteSpace=wrap;overflow=hidden;rotatable=0;points=[[0,0.5],[1,0.5]];portConstraint=eastwest;" vertex="1" parent="class-User">
      <mxGeometry y="182" width="200" height="26" as="geometry" />
    </mxCell>
    <mxCell id="class-User-attr-student" value="- student: Student" style="text;html=1;strokeColor=none;fillColor=none;align=left;verticalAlign=top;spacingLeft=4;spacingRight=4;whiteSpace=wrap;overflow=hidden;rotatable=0;points=[[0,0.5],[1,0.5]];portConstraint=eastwest;" vertex="1" parent="class-User">
      <mxGeometry y="208" width="200" height="26" as="geometry" />
    </mxCell>
    <mxCell id="class-User-attr-teacher" value="- teacher: Teacher" style="text;html=1;strokeColor=none;fillColor=none;align=left;verticalAlign=top;spacingLeft=4;spacingRight=4;whiteSpace=wrap;overflow=hidden;rotatable=0;points=[[0,0.5],[1,0.5]];portConstraint=eastwest;" vertex="1" parent="class-User">
      <mxGeometry y="234" width="200" height="26" as="geometry" />
    </mxCell>
    <mxCell id="class-User-method-getRoleId" value="+ getRoleId(): long" style="text;html=1;strokeColor=none;fillColor=none;align=left;verticalAlign=top;spacingLeft=4;spacingRight=4;whiteSpace=wrap;overflow=hidden;rotatable=0;points=[[0,0.5],[1,0.5]];portConstraint=eastwest;" vertex="1" parent="class-User">
      <mxGeometry y="260" width="200" height="26" as="geometry" />
    </mxCell>
    <mxCell id="class-User-method-setStudent" value="+ setStudent(Student): void" style="text;html=1;strokeColor=none;fillColor=none;align=left;verticalAlign=top;spacingLeft=4;spacingRight=4;whiteSpace=wrap;overflow=hidden;rotatable=0;points=[[0,0.5],[1,0.5]];portConstraint=eastwest;" vertex="1" parent="class-User">
      <mxGeometry y="286" width="200" height="26" as="geometry" />
    </mxCell>
    <mxCell id="class-User-method-setTeacher" value="+ setTeacher(Teacher): void" style="text;html=1;strokeColor=none;fillColor=none;align=left;verticalAlign=top;spacingLeft=4;spacingRight=4;whiteSpace=wrap;overflow=hidden;rotatable=0;points=[[0,0.5],[1,0.5]];portConstraint=eastwest;" vertex="1" parent="class-User">
      <mxGeometry y="312" width="200" height="26" as="geometry" />
    </mxCell>
    <mxCell id="class-User-method-onCreate" value="+ onCreate(): void" style="text;html=1;strokeColor=none;fillColor=none;align=left;verticalAlign=top;spacingLeft=4;spacingRight=4;whiteSpace=wrap;overflow=hidden;rotatable=0;points=[[0,0.5],[1,0.5]];portConstraint=eastwest;" vertex="1" parent="class-User">
      <mxGeometry y="338" width="200" height="26" as="geometry" />
    </mxCell>
    <mxCell id="class-User-method-onUpdate" value="+ onUpdate(): void" style="text;html=1;strokeColor=none;fillColor=none;align=left;verticalAlign=top;spacingLeft=4;spacingRight=4;whiteSpace=wrap;overflow=hidden;rotatable=0;points=[[0,0.5],[1,0.5]];portConstraint=eastwest;" vertex="1" parent="class-User">
      <mxGeometry y="364" width="200" height="26" as="geometry" />
    </mxCell>
    <mxCell id="enum-Role" value="&lt;b&gt;&amp;laquo;enumeration&amp;raquo;&lt;br&gt;Role&lt;/b&gt;" style="swimlane;html=1;fontStyle=0;childLayout=stackLayout;horizontal=1;startSize=38;fillColor=none;horizontalStack=0;resizeParent=1;resizeLast=0;collapsible=1;marginBottom=0;swimlaneFillColor=#ffffff;rounded=0;shadow=0;comic=0;labelBackgroundColor=none;strokeWidth=1;fontFamily=Verdana;fontSize=10;align=center;" vertex="1" parent="1">
      <mxGeometry x="50" y="650" width="160" height="116" as="geometry" />
    </mxCell>
    <mxCell id="enum-Role-val-student" value="student" style="text;html=1;strokeColor=none;fillColor=none;align=left;verticalAlign=top;spacingLeft=4;spacingRight=4;whiteSpace=wrap;overflow=hidden;rotatable=0;points=[[0,0.5],[1,0.5]];portConstraint=eastwest;" vertex="1" parent="enum-Role">
      <mxGeometry y="38" width="160" height="26" as="geometry" />
    </mxCell>
    <mxCell id="enum-Role-val-teacher" value="teacher" style="text;html=1;strokeColor=none;fillColor=none;align=left;verticalAlign=top;spacingLeft=4;spacingRight=4;whiteSpace=wrap;overflow=hidden;rotatable=0;points=[[0,0.5],[1,0.5]];portConstraint=eastwest;" vertex="1" parent="enum-Role">
      <mxGeometry y="64" width="160" height="26" as="geometry" />
    </mxCell>
    <mxCell id="enum-Role-val-admin" value="admin" style="text;html=1;strokeColor=none;fillColor=none;align=left;verticalAlign=top;spacingLeft=4;spacingRight=4;whiteSpace=wrap;overflow=hidden;rotatable=0;points=[[0,0.5],[1,0.5]];portConstraint=eastwest;" vertex="1" parent="enum-Role">
      <mxGeometry y="90" width="160" height="26" as="geometry" />
    </mxCell>
    <mxCell id="interface-UserRepository" value="&lt;p style=&quot;margin:0px;margin-top:4px;text-align:center;&quot;&gt;&lt;i&gt;&amp;lt;&amp;lt;Interface&amp;gt;&amp;gt;&lt;/i&gt;&lt;br/&gt;&lt;b&gt;UserRepository&lt;/b&gt;&lt;/p&gt;&lt;hr size=&quot;1&quot;/&gt;&lt;p style=&quot;margin:0px;margin-left:4px;&quot;&gt;+ save(User): User&lt;br/&gt;+ findById(Long): Optional&amp;lt;User&amp;gt;&lt;br/&gt;+ findByUsername(String): Optional&amp;lt;User&amp;gt;&lt;br/&gt;+ searchUsers(String, Pageable): Page&amp;lt;User&amp;gt;&lt;/p&gt;" style="verticalAlign=top;align=left;overflow=fill;fontSize=12;fontFamily=Helvetica;html=1;rounded=0;shadow=0;comic=0;labelBackgroundColor=none;strokeWidth=1" vertex="1" parent="1">
      <mxGeometry x="410" y="910" width="310" height="120" as="geometry" />
    </mxCell>
    <mxCell id="interface-StudentRepository" value="&lt;p style=&quot;margin:0px;margin-top:4px;text-align:center;&quot;&gt;&lt;i&gt;&amp;lt;&amp;lt;Interface&amp;gt;&amp;gt;&lt;/i&gt;&lt;br/&gt;&lt;b&gt;StudentRepository&lt;/b&gt;&lt;/p&gt;&lt;hr size=&quot;1&quot;/&gt;&lt;p style=&quot;margin:0px;margin-left:4px;&quot;&gt;+ save(Student): Student&lt;br/&gt;+ findById(Long): Optional&amp;lt;Student&amp;gt;&lt;br/&gt;+ delete(Student): void&lt;/p&gt;" style="verticalAlign=top;align=left;overflow=fill;fontSize=12;fontFamily=Helvetica;html=1;rounded=0;shadow=0;comic=0;labelBackgroundColor=none;strokeWidth=1" vertex="1" parent="1">
      <mxGeometry x="325" y="795" width="200" height="95" as="geometry" />
    </mxCell>
    <mxCell id="interface-TeacherRepository" value="&lt;p style=&quot;margin:0px;margin-top:4px;text-align:center;&quot;&gt;&lt;i&gt;&amp;lt;&amp;lt;Interface&amp;gt;&amp;gt;&lt;/i&gt;&lt;br/&gt;&lt;b&gt;TeacherRepository&lt;/b&gt;&lt;/p&gt;&lt;hr size=&quot;1&quot;/&gt;&lt;p style=&quot;margin:0px;margin-left:4px;&quot;&gt;+ save(Teacher): Teacher&lt;br/&gt;+ findById(Long): Optional&amp;lt;Teacher&amp;gt;&lt;br/&gt;+ delete(Teacher): void&lt;/p&gt;" style="verticalAlign=top;align=left;overflow=fill;fontSize=12;fontFamily=Helvetica;html=1;rounded=0;shadow=0;comic=0;labelBackgroundColor=none;strokeWidth=1" vertex="1" parent="1">
      <mxGeometry x="600" y="650" width="210" height="95" as="geometry" />
    </mxCell>
    <mxCell id="class-SecurityConfig" value="SecurityConfig" style="swimlane;html=1;fontStyle=0;childLayout=stackLayout;horizontal=1;startSize=26;fillColor=none;horizontalStack=0;resizeParent=1;resizeLast=0;collapsible=1;marginBottom=0;swimlaneFillColor=#ffffff;rounded=0;shadow=0;comic=0;labelBackgroundColor=none;strokeWidth=1;fontFamily=Verdana;fontSize=10;align=center;" vertex="1" parent="1">
      <mxGeometry x="90" y="990" width="170" height="80" as="geometry" />
    </mxCell>
    <mxCell id="class-SecurityConfig-method-passwordEncoder" value="+ passwordEncoder():&amp;nbsp;" style="text;html=1;strokeColor=none;fillColor=none;align=left;verticalAlign=top;spacingLeft=4;spacingRight=4;whiteSpace=wrap;overflow=hidden;rotatable=0;points=[[0,0.5],[1,0.5]];portConstraint=eastwest;" vertex="1" parent="class-SecurityConfig">
      <mxGeometry y="26" width="170" height="26" as="geometry" />
    </mxCell>
    <mxCell id="interface-PasswordEncoder" value="&lt;p style=&quot;margin:0px;margin-top:4px;text-align:center;&quot;&gt;&lt;i&gt;&amp;lt;&amp;lt;Interface&amp;gt;&amp;gt;&lt;/i&gt;&lt;br/&gt;&lt;b&gt;PasswordEncoder&lt;/b&gt;&lt;/p&gt;&lt;hr size=&quot;1&quot;/&gt;&lt;p style=&quot;margin:0px;margin-left:4px;&quot;&gt;+ encode(CharSequence): String&lt;br/&gt;+ matches(CharSequence, String): boolean&lt;/p&gt;" style="verticalAlign=top;align=left;overflow=fill;fontSize=12;fontFamily=Helvetica;html=1;rounded=0;shadow=0;comic=0;labelBackgroundColor=none;strokeWidth=1" vertex="1" parent="1">
      <mxGeometry x="50" y="810" width="250" height="80" as="geometry" />
    </mxCell>
    <mxCell id="annotation-Validated" value="&lt;b&gt;&amp;laquo;annotation&amp;raquo;&lt;br&gt;Validated&lt;/b&gt;" style="swimlane;html=1;fontStyle=0;childLayout=stackLayout;horizontal=1;startSize=38;fillColor=none;horizontalStack=0;resizeParent=1;resizeLast=0;collapsible=1;marginBottom=0;swimlaneFillColor=#ffffff;rounded=0;shadow=0;comic=0;labelBackgroundColor=none;strokeWidth=1;fontFamily=Verdana;fontSize=10;align=center;" vertex="1" parent="1">
      <mxGeometry x="870" y="900" width="160" height="52" as="geometry" />
    </mxCell>
    <mxCell id="rel-AuthController-UserService" value="依赖" style="edgeStyle=orthogonalEdgeStyle;rounded=0;html=1;dashed=1;labelBackgroundColor=none;startFill=0;endArrow=open;endFill=0;endSize=10;fontFamily=Verdana;fontSize=10;verticalAlign=top;" edge="1" parent="1" source="class-AuthController" target="class-UserService">
      <mxGeometry relative="1" as="geometry" />
    </mxCell>
    <mxCell id="rel-AuthController-UserCreateDTO" value="使用" style="edgeStyle=orthogonalEdgeStyle;rounded=0;dashed=1;labelBackgroundColor=none;startFill=0;endArrow=open;endFill=0;endSize=10;fontFamily=Verdana;fontSize=10;verticalAlign=top;" edge="1" parent="1" source="class-AuthController" target="class-UserCreateDTO">
      <mxGeometry relative="1" as="geometry">
        <Array as="points">
          <mxPoint x="950" y="170" />
        </Array>
      </mxGeometry>
    </mxCell>
    <mxCell id="rel-AuthController-AuthResponseDTO" value="返回" style="edgeStyle=orthogonalEdgeStyle;rounded=0;dashed=1;labelBackgroundColor=none;startFill=0;endArrow=open;endFill=0;endSize=10;fontFamily=Verdana;fontSize=10;entryX=0.013;entryY=0.064;entryDx=0;entryDy=0;entryPerimeter=0;verticalAlign=bottom;" edge="1" parent="1" target="class-AuthResponseDTO">
      <mxGeometry relative="1" as="geometry">
        <mxPoint x="350" y="50" as="sourcePoint" />
        <mxPoint x="1010" y="63.0526315789474" as="targetPoint" />
      </mxGeometry>
    </mxCell>
    <mxCell id="rel-UserService-UserRepository" value="依赖" style="edgeStyle=orthogonalEdgeStyle;rounded=0;html=1;dashed=1;labelBackgroundColor=none;startFill=0;endArrow=open;endFill=0;endSize=10;fontFamily=Verdana;fontSize=10;align=right;" edge="1" parent="1" source="class-UserService" target="interface-UserRepository">
      <mxGeometry relative="1" as="geometry" />
    </mxCell>
    <mxCell id="rel-UserService-StudentRepository" value="依赖" style="edgeStyle=orthogonalEdgeStyle;rounded=0;dashed=1;labelBackgroundColor=none;startFill=0;endArrow=open;endFill=0;endSize=10;fontFamily=Verdana;fontSize=10;verticalAlign=bottom;" edge="1" parent="1" source="class-UserService" target="interface-StudentRepository">
      <mxGeometry relative="1" as="geometry" />
    </mxCell>
    <mxCell id="rel-UserService-TeacherRepository" value="依赖" style="edgeStyle=orthogonalEdgeStyle;rounded=0;dashed=1;labelBackgroundColor=none;startFill=0;endArrow=open;endFill=0;endSize=10;fontFamily=Verdana;fontSize=10;verticalAlign=bottom;" edge="1" parent="1" source="class-UserService" target="interface-TeacherRepository">
      <mxGeometry relative="1" as="geometry" />
    </mxCell>
    <mxCell id="rel-UserService-PasswordEncoder" value="依赖" style="edgeStyle=orthogonalEdgeStyle;rounded=0;html=1;dashed=1;labelBackgroundColor=none;startFill=0;endArrow=open;endFill=0;endSize=10;fontFamily=Verdana;fontSize=10;align=right;" edge="1" parent="1">
      <mxGeometry relative="1" as="geometry">
        <mxPoint x="410" y="300" as="sourcePoint" />
        <mxPoint x="250" y="810" as="targetPoint" />
        <Array as="points">
          <mxPoint x="250" y="300" />
        </Array>
      </mxGeometry>
    </mxCell>
    <mxCell id="rel-UserCreateDTO-Validated" value="注解" style="edgeStyle=orthogonalEdgeStyle;rounded=0;html=1;dashed=1;labelBackgroundColor=none;startFill=0;endArrow=open;endFill=0;endSize=10;fontFamily=Verdana;fontSize=10;align=right;" edge="1" parent="1" source="class-UserCreateDTO" target="annotation-Validated">
      <mxGeometry relative="1" as="geometry" />
    </mxCell>
    <mxCell id="rel-AuthResponseDTO-User" value="构造参数" style="edgeStyle=orthogonalEdgeStyle;rounded=0;html=1;dashed=1;labelBackgroundColor=none;startFill=0;endArrow=open;endFill=0;endSize=10;fontFamily=Verdana;fontSize=10;align=right;" edge="1" parent="1" source="class-AuthResponseDTO" target="class-User">
      <mxGeometry relative="1" as="geometry">
        <Array as="points">
          <mxPoint x="1250" y="155" />
          <mxPoint x="1250" y="259" />
        </Array>
      </mxGeometry>
    </mxCell>
    <mxCell id="rel-User-Role" value="包含" style="edgeStyle=orthogonalEdgeStyle;rounded=0;dashed=0;labelBackgroundColor=none;startFill=0;endArrow=open;endFill=0;endSize=10;fontFamily=Verdana;fontSize=10;verticalAlign=bottom;" edge="1" parent="1" source="class-User" target="enum-Role">
      <mxGeometry relative="1" as="geometry">
        <Array as="points">
          <mxPoint x="150" y="259" />
        </Array>
      </mxGeometry>
    </mxCell>
    <mxCell id="rel-UserRepository-User" value="管理" style="edgeStyle=orthogonalEdgeStyle;rounded=0;html=1;dashed=1;labelBackgroundColor=none;startFill=0;endArrow=open;endFill=0;endSize=10;fontFamily=Verdana;fontSize=10;verticalAlign=top;" edge="1" parent="1" source="interface-UserRepository" target="class-User">
      <mxGeometry relative="1" as="geometry" />
    </mxCell>
    <mxCell id="rel-StudentRepository-Student" value="管理" style="edgeStyle=orthogonalEdgeStyle;rounded=0;html=1;dashed=1;labelBackgroundColor=none;startFill=0;endArrow=open;endFill=0;endSize=10;fontFamily=Verdana;fontSize=10;" edge="1" parent="1" source="interface-StudentRepository">
      <mxGeometry relative="1" as="geometry" />
    </mxCell>
    <mxCell id="rel-TeacherRepository-Teacher" value="管理" style="edgeStyle=orthogonalEdgeStyle;rounded=0;html=1;dashed=1;labelBackgroundColor=none;startFill=0;endArrow=open;endFill=0;endSize=10;fontFamily=Verdana;fontSize=10;" edge="1" parent="1" source="interface-TeacherRepository">
      <mxGeometry relative="1" as="geometry" />
    </mxCell>
    <mxCell id="rel-SecurityConfig-PasswordEncoder" value="配置" style="edgeStyle=orthogonalEdgeStyle;rounded=0;html=1;dashed=1;labelBackgroundColor=none;startFill=0;endArrow=open;endFill=0;endSize=10;fontFamily=Verdana;fontSize=10;align=right;" edge="1" parent="1" source="class-SecurityConfig" target="interface-PasswordEncoder">
      <mxGeometry relative="1" as="geometry" />
    </mxCell>
  </root>
</mxGraphModel>
