<mxGraphModel dx="1501" dy="818" grid="1" gridSize="10" guides="1" tooltips="1" connect="1" arrows="1" fold="1" page="1" pageScale="1" pageWidth="850" pageHeight="1100" background="none" math="0" shadow="0">
  <root>
    <mxCell id="0" />
    <mxCell id="1" parent="0" />
    <mxCell id="class-SelectionController" value="SelectionController" style="swimlane;html=1;fontStyle=0;childLayout=stackLayout;horizontal=1;startSize=26;fillColor=none;horizontalStack=0;resizeParent=1;resizeLast=0;collapsible=1;marginBottom=0;swimlaneFillColor=#ffffff;rounded=0;shadow=0;comic=0;labelBackgroundColor=none;strokeWidth=1;fontFamily=Verdana;fontSize=10;align=center;" vertex="1" parent="1">
      <mxGeometry x="350" y="40" width="300" height="78" as="geometry" />
    </mxCell>
    <mxCell id="class-SelectionController-attr-selectionService" value="- selectionService: SelectionService" style="text;html=1;strokeColor=none;fillColor=none;align=center;verticalAlign=top;spacingLeft=4;spacingRight=4;whiteSpace=wrap;overflow=hidden;rotatable=0;points=[[0,0.5],[1,0.5]];portConstraint=eastwest;" vertex="1" parent="class-SelectionController">
      <mxGeometry y="26" width="300" height="26" as="geometry" />
    </mxCell>
    <mxCell id="class-SelectionController-method-getMyCourses" value="+ getMyCourses(studentId)" style="text;html=1;strokeColor=none;fillColor=none;align=center;verticalAlign=top;spacingLeft=4;spacingRight=4;whiteSpace=wrap;overflow=hidden;rotatable=0;points=[[0,0.5],[1,0.5]];portConstraint=eastwest;" vertex="1" parent="class-SelectionController">
      <mxGeometry y="52" width="300" height="26" as="geometry" />
    </mxCell>
    <mxCell id="class-SelectionService" value="SelectionService" style="swimlane;html=1;fontStyle=0;childLayout=stackLayout;horizontal=1;startSize=26;fillColor=none;horizontalStack=0;resizeParent=1;resizeLast=0;collapsible=1;marginBottom=0;swimlaneFillColor=#ffffff;rounded=0;shadow=0;comic=0;labelBackgroundColor=none;strokeWidth=1;fontFamily=Verdana;fontSize=10;align=center;" vertex="1" parent="1">
      <mxGeometry x="350" y="200" width="300" height="78" as="geometry" />
    </mxCell>
    <mxCell id="class-SelectionService-attr-selectionRepository" value="- selectionRepository: CourseSelectionRepository" style="text;html=1;strokeColor=none;fillColor=none;align=center;verticalAlign=top;spacingLeft=4;spacingRight=4;whiteSpace=wrap;overflow=hidden;rotatable=0;points=[[0,0.5],[1,0.5]];portConstraint=eastwest;" vertex="1" parent="class-SelectionService">
      <mxGeometry y="26" width="300" height="26" as="geometry" />
    </mxCell>
    <mxCell id="class-SelectionService-method-getMyCoursesByStudent" value="+ getMyCoursesByStudent(studentId)" style="text;html=1;strokeColor=none;fillColor=none;align=center;verticalAlign=top;spacingLeft=4;spacingRight=4;whiteSpace=wrap;overflow=hidden;rotatable=0;points=[[0,0.5],[1,0.5]];portConstraint=eastwest;" vertex="1" parent="class-SelectionService">
      <mxGeometry y="52" width="300" height="26" as="geometry" />
    </mxCell>
    <mxCell id="interface-CourseSelectionRepository" value="&lt;p style=&quot;margin: 4px 0px 0px;&quot;&gt;&lt;i&gt;&amp;lt;&amp;lt;Interface&amp;gt;&amp;gt;&lt;/i&gt;&lt;br&gt;&lt;b&gt;CourseSelectionRepository&lt;/b&gt;&lt;/p&gt;&lt;hr size=&quot;1&quot;&gt;&lt;p style=&quot;margin:0px;margin-left:4px;&quot;&gt;+ findByStudentIdWithDetails(studentId): List&amp;lt;CourseSelection&amp;gt;&lt;/p&gt;" style="verticalAlign=top;align=center;overflow=fill;fontSize=12;fontFamily=Helvetica;html=1;rounded=0;shadow=0;comic=0;labelBackgroundColor=none;strokeWidth=1" vertex="1" parent="1">
      <mxGeometry x="325" y="330" width="350" height="60" as="geometry" />
    </mxCell>
    <mxCell id="class-MyCourseDTO" value="MyCourseDTO" style="swimlane;html=1;fontStyle=0;childLayout=stackLayout;horizontal=1;startSize=26;fillColor=none;horizontalStack=0;resizeParent=1;resizeLast=0;collapsible=1;marginBottom=0;swimlaneFillColor=#ffffff;rounded=0;shadow=0;comic=0;labelBackgroundColor=none;strokeWidth=1;fontFamily=Verdana;fontSize=10;align=center;" vertex="1" parent="1">
      <mxGeometry x="750" y="161" width="200" height="156" as="geometry" />
    </mxCell>
    <mxCell id="class-MyCourseDTO-attr-selectionId" value="- selectionId: Long" style="text;html=1;strokeColor=none;fillColor=none;align=center;verticalAlign=top;spacingLeft=4;spacingRight=4;whiteSpace=wrap;overflow=hidden;rotatable=0;points=[[0,0.5],[1,0.5]];portConstraint=eastwest;" vertex="1" parent="class-MyCourseDTO">
      <mxGeometry y="26" width="200" height="26" as="geometry" />
    </mxCell>
    <mxCell id="class-MyCourseDTO-attr-teachingClassId" value="- teachingClassId: Long" style="text;html=1;strokeColor=none;fillColor=none;align=center;verticalAlign=top;spacingLeft=4;spacingRight=4;whiteSpace=wrap;overflow=hidden;rotatable=0;points=[[0,0.5],[1,0.5]];portConstraint=eastwest;" vertex="1" parent="class-MyCourseDTO">
      <mxGeometry y="52" width="200" height="26" as="geometry" />
    </mxCell>
    <mxCell id="class-MyCourseDTO-attr-courseName" value="- courseName: String" style="text;html=1;strokeColor=none;fillColor=none;align=center;verticalAlign=top;spacingLeft=4;spacingRight=4;whiteSpace=wrap;overflow=hidden;rotatable=0;points=[[0,0.5],[1,0.5]];portConstraint=eastwest;" vertex="1" parent="class-MyCourseDTO">
      <mxGeometry y="78" width="200" height="26" as="geometry" />
    </mxCell>
    <mxCell id="class-MyCourseDTO-attr-teacherName" value="- teacherName: String" style="text;html=1;strokeColor=none;fillColor=none;align=center;verticalAlign=top;spacingLeft=4;spacingRight=4;whiteSpace=wrap;overflow=hidden;rotatable=0;points=[[0,0.5],[1,0.5]];portConstraint=eastwest;" vertex="1" parent="class-MyCourseDTO">
      <mxGeometry y="104" width="200" height="26" as="geometry" />
    </mxCell>
    <mxCell id="class-MyCourseDTO-attr-credit" value="- credit: Double" style="text;html=1;strokeColor=none;fillColor=none;align=center;verticalAlign=top;spacingLeft=4;spacingRight=4;whiteSpace=wrap;overflow=hidden;rotatable=0;points=[[0,0.5],[1,0.5]];portConstraint=eastwest;" vertex="1" parent="class-MyCourseDTO">
      <mxGeometry y="130" width="200" height="26" as="geometry" />
    </mxCell>
    <mxCell id="class-CourseSelection" value="CourseSelection" style="swimlane;html=1;fontStyle=0;childLayout=stackLayout;horizontal=1;startSize=26;fillColor=none;horizontalStack=0;resizeParent=1;resizeLast=0;collapsible=1;marginBottom=0;swimlaneFillColor=#ffffff;rounded=0;shadow=0;comic=0;labelBackgroundColor=none;strokeWidth=1;fontFamily=Verdana;fontSize=10;align=center;" vertex="1" parent="1">
      <mxGeometry x="290" y="470" width="200" height="104" as="geometry" />
    </mxCell>
    <mxCell id="class-CourseSelection-attr-id" value="- id: Long" style="text;html=1;strokeColor=none;fillColor=none;align=center;verticalAlign=top;spacingLeft=4;spacingRight=4;whiteSpace=wrap;overflow=hidden;rotatable=0;points=[[0,0.5],[1,0.5]];portConstraint=eastwest;" vertex="1" parent="class-CourseSelection">
      <mxGeometry y="26" width="200" height="26" as="geometry" />
    </mxCell>
    <mxCell id="class-CourseSelection-attr-student" value="- student: Student" style="text;html=1;strokeColor=none;fillColor=none;align=center;verticalAlign=top;spacingLeft=4;spacingRight=4;whiteSpace=wrap;overflow=hidden;rotatable=0;points=[[0,0.5],[1,0.5]];portConstraint=eastwest;" vertex="1" parent="class-CourseSelection">
      <mxGeometry y="52" width="200" height="26" as="geometry" />
    </mxCell>
    <mxCell id="class-CourseSelection-attr-teachingClass" value="- teachingClass: TeachingClass" style="text;html=1;strokeColor=none;fillColor=none;align=center;verticalAlign=top;spacingLeft=4;spacingRight=4;whiteSpace=wrap;overflow=hidden;rotatable=0;points=[[0,0.5],[1,0.5]];portConstraint=eastwest;" vertex="1" parent="class-CourseSelection">
      <mxGeometry y="78" width="200" height="26" as="geometry" />
    </mxCell>
    <mxCell id="class-Student" value="Student" style="swimlane;html=1;fontStyle=0;childLayout=stackLayout;horizontal=1;startSize=26;fillColor=none;horizontalStack=0;resizeParent=1;resizeLast=0;collapsible=1;marginBottom=0;swimlaneFillColor=#ffffff;rounded=0;shadow=0;comic=0;labelBackgroundColor=none;strokeWidth=1;fontFamily=Verdana;fontSize=10;align=center;" vertex="1" parent="1">
      <mxGeometry x="580" y="483" width="160" height="78" as="geometry" />
    </mxCell>
    <mxCell id="class-Student-attr-id" value="- id: Long" style="text;html=1;strokeColor=none;fillColor=none;align=center;verticalAlign=top;spacingLeft=4;spacingRight=4;whiteSpace=wrap;overflow=hidden;rotatable=0;points=[[0,0.5],[1,0.5]];portConstraint=eastwest;" vertex="1" parent="class-Student">
      <mxGeometry y="26" width="160" height="26" as="geometry" />
    </mxCell>
    <mxCell id="class-Student-attr-user" value="- user: User" style="text;html=1;strokeColor=none;fillColor=none;align=center;verticalAlign=top;spacingLeft=4;spacingRight=4;whiteSpace=wrap;overflow=hidden;rotatable=0;points=[[0,0.5],[1,0.5]];portConstraint=eastwest;" vertex="1" parent="class-Student">
      <mxGeometry y="52" width="160" height="26" as="geometry" />
    </mxCell>
    <mxCell id="class-TeachingClass" value="TeachingClass" style="swimlane;html=1;fontStyle=0;childLayout=stackLayout;horizontal=1;startSize=26;fillColor=none;horizontalStack=0;resizeParent=1;resizeLast=0;collapsible=1;marginBottom=0;swimlaneFillColor=#ffffff;rounded=0;shadow=0;comic=0;labelBackgroundColor=none;strokeWidth=1;fontFamily=Verdana;fontSize=10;align=center;" vertex="1" parent="1">
      <mxGeometry x="290" y="717" width="200" height="104" as="geometry" />
    </mxCell>
    <mxCell id="class-TeachingClass-attr-id" value="- id: Long" style="text;html=1;strokeColor=none;fillColor=none;align=center;verticalAlign=top;spacingLeft=4;spacingRight=4;whiteSpace=wrap;overflow=hidden;rotatable=0;points=[[0,0.5],[1,0.5]];portConstraint=eastwest;" vertex="1" parent="class-TeachingClass">
      <mxGeometry y="26" width="200" height="26" as="geometry" />
    </mxCell>
    <mxCell id="class-TeachingClass-attr-course" value="- course: Course" style="text;html=1;strokeColor=none;fillColor=none;align=center;verticalAlign=top;spacingLeft=4;spacingRight=4;whiteSpace=wrap;overflow=hidden;rotatable=0;points=[[0,0.5],[1,0.5]];portConstraint=eastwest;" vertex="1" parent="class-TeachingClass">
      <mxGeometry y="52" width="200" height="26" as="geometry" />
    </mxCell>
    <mxCell id="class-TeachingClass-attr-teacher" value="- teacher: Teacher" style="text;html=1;strokeColor=none;fillColor=none;align=center;verticalAlign=top;spacingLeft=4;spacingRight=4;whiteSpace=wrap;overflow=hidden;rotatable=0;points=[[0,0.5],[1,0.5]];portConstraint=eastwest;" vertex="1" parent="class-TeachingClass">
      <mxGeometry y="78" width="200" height="26" as="geometry" />
    </mxCell>
    <mxCell id="class-Course" value="Course" style="swimlane;html=1;fontStyle=0;childLayout=stackLayout;horizontal=1;startSize=26;fillColor=none;horizontalStack=0;resizeParent=1;resizeLast=0;collapsible=1;marginBottom=0;swimlaneFillColor=#ffffff;rounded=0;shadow=0;comic=0;labelBackgroundColor=none;strokeWidth=1;fontFamily=Verdana;fontSize=10;align=center;" vertex="1" parent="1">
      <mxGeometry x="90" y="730" width="160" height="78" as="geometry" />
    </mxCell>
    <mxCell id="class-Course-attr-courseName" value="- courseName: String" style="text;html=1;strokeColor=none;fillColor=none;align=center;verticalAlign=top;spacingLeft=4;spacingRight=4;whiteSpace=wrap;overflow=hidden;rotatable=0;points=[[0,0.5],[1,0.5]];portConstraint=eastwest;" vertex="1" parent="class-Course">
      <mxGeometry y="26" width="160" height="26" as="geometry" />
    </mxCell>
    <mxCell id="class-Course-attr-credit" value="- credit: Double" style="text;html=1;strokeColor=none;fillColor=none;align=center;verticalAlign=top;spacingLeft=4;spacingRight=4;whiteSpace=wrap;overflow=hidden;rotatable=0;points=[[0,0.5],[1,0.5]];portConstraint=eastwest;" vertex="1" parent="class-Course">
      <mxGeometry y="52" width="160" height="26" as="geometry" />
    </mxCell>
    <mxCell id="class-Teacher" value="Teacher" style="swimlane;html=1;fontStyle=0;childLayout=stackLayout;horizontal=1;startSize=26;fillColor=none;horizontalStack=0;resizeParent=1;resizeLast=0;collapsible=1;marginBottom=0;swimlaneFillColor=#ffffff;rounded=0;shadow=0;comic=0;labelBackgroundColor=none;strokeWidth=1;fontFamily=Verdana;fontSize=10;align=center;" vertex="1" parent="1">
      <mxGeometry x="600" y="600" width="160" height="78" as="geometry" />
    </mxCell>
    <mxCell id="class-Teacher-attr-user" value="- user: User" style="text;html=1;strokeColor=none;fillColor=none;align=center;verticalAlign=top;spacingLeft=4;spacingRight=4;whiteSpace=wrap;overflow=hidden;rotatable=0;points=[[0,0.5],[1,0.5]];portConstraint=eastwest;" vertex="1" parent="class-Teacher">
      <mxGeometry y="26" width="160" height="26" as="geometry" />
    </mxCell>
    <mxCell id="class-User" value="User" style="swimlane;html=1;fontStyle=0;childLayout=stackLayout;horizontal=1;startSize=26;fillColor=none;horizontalStack=0;resizeParent=1;resizeLast=0;collapsible=1;marginBottom=0;swimlaneFillColor=#ffffff;rounded=0;shadow=0;comic=0;labelBackgroundColor=none;strokeWidth=1;fontFamily=Verdana;fontSize=10;align=center;" vertex="1" parent="1">
      <mxGeometry x="730" y="740" width="180" height="52" as="geometry" />
    </mxCell>
    <mxCell id="class-User-attr-realName" value="- realName: String" style="text;html=1;strokeColor=none;fillColor=none;align=center;verticalAlign=top;spacingLeft=4;spacingRight=4;whiteSpace=wrap;overflow=hidden;rotatable=0;points=[[0,0.5],[1,0.5]];portConstraint=eastwest;" vertex="1" parent="class-User">
      <mxGeometry y="26" width="180" height="26" as="geometry" />
    </mxCell>
    <mxCell id="rel-SelectionController-SelectionService" value="uses" style="edgeStyle=orthogonalEdgeStyle;rounded=0;html=1;dashed=1;labelBackgroundColor=none;startFill=0;endArrow=open;endFill=0;endSize=10;fontFamily=Verdana;fontSize=10;align=right;" edge="1" parent="1" source="class-SelectionController" target="class-SelectionService">
      <mxGeometry relative="1" as="geometry" />
    </mxCell>
    <mxCell id="rel-SelectionService-CourseSelectionRepository" value="uses" style="edgeStyle=orthogonalEdgeStyle;rounded=0;html=1;dashed=1;labelBackgroundColor=none;startFill=0;endArrow=open;endFill=0;endSize=10;fontFamily=Verdana;fontSize=10;align=right;" edge="1" parent="1" source="class-SelectionService" target="interface-CourseSelectionRepository">
      <mxGeometry relative="1" as="geometry" />
    </mxCell>
    <mxCell id="rel-SelectionService-MyCourseDTO" value="creates" style="edgeStyle=orthogonalEdgeStyle;rounded=0;html=1;dashed=1;labelBackgroundColor=none;startFill=0;endArrow=open;endFill=0;endSize=10;fontFamily=Verdana;fontSize=10;align=center;verticalAlign=bottom;" edge="1" parent="1" source="class-SelectionService" target="class-MyCourseDTO">
      <mxGeometry relative="1" as="geometry" />
    </mxCell>
    <mxCell id="rel-MyCourseDTO-CourseSelection" value="derived from" style="edgeStyle=orthogonalEdgeStyle;rounded=0;html=1;dashed=1;labelBackgroundColor=none;startFill=0;endArrow=open;endFill=0;endSize=10;fontFamily=Verdana;fontSize=10;align=center;exitX=0.066;exitY=1.098;exitDx=0;exitDy=0;exitPerimeter=0;verticalAlign=bottom;" edge="1" parent="1" source="class-MyCourseDTO-attr-credit">
      <mxGeometry relative="1" as="geometry">
        <Array as="points">
          <mxPoint x="750" y="319" />
          <mxPoint x="750" y="423" />
          <mxPoint x="450" y="423" />
        </Array>
        <mxPoint x="799.9999999999998" y="340.0000000000001" as="sourcePoint" />
        <mxPoint x="449.9999999999998" y="473" as="targetPoint" />
      </mxGeometry>
    </mxCell>
    <mxCell id="rel-MyCourseDTO-Course" value="derived from" style="edgeStyle=orthogonalEdgeStyle;rounded=0;html=1;dashed=1;labelBackgroundColor=none;startFill=0;endArrow=open;endFill=0;endSize=10;fontFamily=Verdana;fontSize=10;align=center;exitX=1;exitY=0.5;exitDx=0;exitDy=0;verticalAlign=top;" edge="1" parent="1" source="class-MyCourseDTO-attr-teacherName" target="class-Course">
      <mxGeometry relative="1" as="geometry">
        <Array as="points">
          <mxPoint x="1020" y="278" />
          <mxPoint x="1020" y="840" />
          <mxPoint x="180" y="840" />
        </Array>
      </mxGeometry>
    </mxCell>
    <mxCell id="rel-MyCourseDTO-Teacher" value="derived from" style="edgeStyle=orthogonalEdgeStyle;rounded=0;html=1;dashed=1;labelBackgroundColor=none;startFill=0;endArrow=open;endFill=0;endSize=10;fontFamily=Verdana;fontSize=10;align=right;" edge="1" parent="1" source="class-MyCourseDTO" target="class-Teacher">
      <mxGeometry x="-0.0654" relative="1" as="geometry">
        <Array as="points">
          <mxPoint x="810" y="580" />
          <mxPoint x="680" y="580" />
        </Array>
        <mxPoint as="offset" />
      </mxGeometry>
    </mxCell>
    <mxCell id="rel-MyCourseDTO-User" value="derived from" style="edgeStyle=orthogonalEdgeStyle;rounded=0;html=1;dashed=1;labelBackgroundColor=none;startFill=0;endArrow=open;endFill=0;endSize=10;fontFamily=Verdana;fontSize=10;align=right;" edge="1" parent="1" source="class-MyCourseDTO" target="class-User">
      <mxGeometry relative="1" as="geometry">
        <Array as="points">
          <mxPoint x="860" y="400" />
          <mxPoint x="860" y="400" />
        </Array>
      </mxGeometry>
    </mxCell>
    <mxCell id="rel-CourseSelection-Student" value="1" style="edgeStyle=orthogonalEdgeStyle;rounded=0;html=1;dashed=0;labelBackgroundColor=none;startFill=0;endArrow=none;endFill=0;fontFamily=Verdana;fontSize=10;align=center;verticalAlign=top;" edge="1" parent="1" source="class-CourseSelection" target="class-Student">
      <mxGeometry relative="1" as="geometry">
        <mxPoint x="580" y="502" as="targetPoint" />
      </mxGeometry>
    </mxCell>
    <mxCell id="rel-CourseSelection-TeachingClass" value="1" style="edgeStyle=orthogonalEdgeStyle;rounded=0;html=1;dashed=0;labelBackgroundColor=none;startFill=0;endArrow=none;endFill=0;fontFamily=Verdana;fontSize=10;align=right;verticalAlign=top;" edge="1" parent="1" source="class-CourseSelection" target="class-TeachingClass">
      <mxGeometry relative="1" as="geometry" />
    </mxCell>
    <mxCell id="rel-TeachingClass-Course" value="1" style="edgeStyle=orthogonalEdgeStyle;rounded=0;html=1;dashed=0;labelBackgroundColor=none;startFill=0;endArrow=none;endFill=0;fontFamily=Verdana;fontSize=10;align=right;verticalAlign=top;" edge="1" parent="1" source="class-TeachingClass" target="class-Course">
      <mxGeometry relative="1" as="geometry" />
    </mxCell>
    <mxCell id="rel-TeachingClass-Teacher" value="1" style="edgeStyle=orthogonalEdgeStyle;rounded=0;html=1;dashed=0;labelBackgroundColor=none;startFill=0;endArrow=none;endFill=0;fontFamily=Verdana;fontSize=10;align=right;verticalAlign=top;" edge="1" parent="1" source="class-TeachingClass" target="class-Teacher">
      <mxGeometry relative="1" as="geometry" />
    </mxCell>
    <mxCell id="rel-Teacher-User" value="1" style="edgeStyle=orthogonalEdgeStyle;rounded=0;html=1;dashed=0;labelBackgroundColor=none;startFill=0;endArrow=none;endFill=0;fontFamily=Verdana;fontSize=10;align=right;verticalAlign=top;" edge="1" parent="1" source="class-Teacher" target="class-User">
      <mxGeometry relative="1" as="geometry">
        <Array as="points">
          <mxPoint x="750" y="720" />
          <mxPoint x="750" y="720" />
        </Array>
      </mxGeometry>
    </mxCell>
  </root>
</mxGraphModel>
